{"cameraMode":{"drawMode":0,"name":"Shaded","section":"Shading Mode"},"sceneLighting":true,"audioPlay":false,"sceneViewState":{"m_AlwaysRefresh":false,"showFog":true,"showSkybox":true,"showFlares":true,"showImageEffects":true,"showParticleSystems":true,"showVisualEffectGraphs":true,"m_FxEnabled":true},"in2DMode":false,"pivot":{"x":-13.911623001098633,"y":22.28565216064453,"z":154.74240112304688},"rotation":{"x":-0.1814102679491043,"y":0.08547178655862808,"z":-0.01496370043605566,"w":-0.9798410534858704},"size":10.734729766845704,"orthographic":true}